Serie;Ticket;Fecha;Hora;Cliente Nombre;Cliente Apellidos;Total
F;134881;05/04/2026;16:25:23;;;4,3;
F;134880;05/04/2026;16:00:19;;;38,2;
F;134879;05/04/2026;15:58:52;;;33,2;
F;134878;05/04/2026;15:55:06;;;50,2;
F;134877;05/04/2026;15:42:29;;;4,4;
F;134876;05/04/2026;15:38:19;;;8,4;
F;134875;05/04/2026;15:31:25;;;48,75;
F;134874;05/04/2026;15:26:06;;;31,6;
F;134873;05/04/2026;15:25:25;;;38,6;
F;134872;05/04/2026;15:22:37;;;2,2;
F;134871;05/04/2026;15:12:55;;;42,7;
F;134870;05/04/2026;15:06:47;;;3,7;
F;134869;05/04/2026;15:01:00;;;75,7;
F;134868;05/04/2026;14:59:26;;;4,4;
F;134867;05/04/2026;14:39:43;;;21,8;
F;134866;05/04/2026;14:32:04;;;74,65;
F;134865;05/04/2026;14:31:57;;;42,8;
F;134864;05/04/2026;14:26:04;;;25,6;
F;134863;05/04/2026;14:19:39;;;11;
F;134862;05/04/2026;14:15:40;;;2,2;
F;134861;05/04/2026;14:12:38;;;6,6;
F;134860;05/04/2026;14:09:20;;;3;
F;134859;05/04/2026;14:01:29;;;5;
F;134858;05/04/2026;13:43:03;;;4,4;
F;134857;05/04/2026;13:39:30;;;15,7;
F;134856;05/04/2026;13:38:39;;;8,2;
F;134855;05/04/2026;13:29:16;;;17,6;
F;134854;05/04/2026;13:27:08;;;7;
F;134853;05/04/2026;13:07:35;;;42,3;
F;134852;05/04/2026;13:00:53;;;7;
F;134851;05/04/2026;12:57:18;;;26,3;
F;134850;05/04/2026;12:54:56;;;14,5;
F;134849;05/04/2026;12:46:32;;;5,9;
F;134848;05/04/2026;12:43:24;;;21,9;
F;134847;05/04/2026;12:36:40;;;21;
F;134846;05/04/2026;12:27:18;;;3,7;
F;134845;05/04/2026;12:25:18;;;16,9;
F;134844;05/04/2026;12:20:41;;;23,6;
F;134843;05/04/2026;12:08:05;;;19,9;
F;134842;05/04/2026;12:02:22;;;4,2;
F;134841;05/04/2026;12:01:51;;;17,7;
F;134840;05/04/2026;11:54:00;;;8,5;
F;134839;05/04/2026;11:53:24;;;9,2;
F;134838;05/04/2026;11:51:45;;;17,7;
F;134837;05/04/2026;11:45:47;;;8,5;
F;134836;05/04/2026;11:45:15;;;2,2;
F;134835;05/04/2026;11:44:54;;;9,9;
F;134834;05/04/2026;11:44:32;;;1,5;
F;134833;05/04/2026;11:44:17;;;9;
F;134832;05/04/2026;11:43:49;;;19,9;
F;134831;05/04/2026;11:42:52;;;10,2;
F;134830;05/04/2026;11:42:17;;;8,9;
F;134829;05/04/2026;11:33:56;;;15,4;
F;134828;05/04/2026;11:26:01;;;16,8;
F;134827;05/04/2026;11:25:50;;;5,7;
F;134826;05/04/2026;11:23:03;;;4,7;
F;134825;05/04/2026;11:21:11;;;2,2;
F;134824;05/04/2026;11:20:58;;;15,6;
F;134823;05/04/2026;11:20:12;;;1,2;
F;134822;05/04/2026;11:03:22;;;23,4;
F;134821;05/04/2026;11:02:54;;;2,2;
F;134820;05/04/2026;11:00:35;;;5,2;
F;134819;05/04/2026;10:58:03;;;7,7;
F;134818;05/04/2026;10:57:25;;;12,7;
F;134817;05/04/2026;10:46:24;;;18,6;
F;134816;05/04/2026;10:43:27;;;14,4;
F;134815;05/04/2026;10:42:33;;;9,1;
F;134814;05/04/2026;10:40:38;;;16,9;
F;134813;05/04/2026;10:31:54;;;1,2;
F;134812;05/04/2026;10:30:23;;;2,2;
F;134811;05/04/2026;10:27:36;;;3,7;
F;134810;05/04/2026;10:27:09;;;31,3;
F;134809;05/04/2026;10:24:36;;;7,3;
F;134808;05/04/2026;10:19:29;;;2,4;
F;134807;05/04/2026;10:19:17;;;8,9;
F;134806;05/04/2026;10:16:21;;;4,4;
F;134805;05/04/2026;10:10:39;;;13,2;
F;134804;05/04/2026;10:09:44;;;2,2;
F;134803;05/04/2026;10:03:46;;;4,4;
F;134802;05/04/2026;10:03:16;;;3,4;
F;134801;05/04/2026;10:02:46;;;1,5;
F;134800;05/04/2026;9:58:41;;;8,6;
F;134799;05/04/2026;9:57:37;;;4;
F;134798;05/04/2026;9:57:19;;;9;
F;134797;05/04/2026;9:54:58;;;3,4;
F;134796;05/04/2026;9:48:21;;;2,7;
F;134795;05/04/2026;9:46:59;;;6,3;
F;134794;05/04/2026;9:46:12;;;2,2;
F;134793;05/04/2026;9:43:59;;;1,7;
F;134792;05/04/2026;9:36:42;;;11;
F;134791;05/04/2026;9:32:26;;;4;
F;134790;05/04/2026;9:29:03;;;4,7;
F;134789;05/04/2026;9:14:13;;;6,7;
F;134788;05/04/2026;9:13:42;;;3,8;
F;134787;05/04/2026;9:11:13;;;3,9;
F;134786;05/04/2026;9:06:46;;;6,7;
F;134785;05/04/2026;9:04:45;;;4,2;
F;134784;05/04/2026;9:00:17;;;1,2;
F;134783;05/04/2026;9:00:01;;;1,5;
F;134782;05/04/2026;8:58:07;;;17,5;
F;134781;05/04/2026;8:46:02;;;1,2;
F;134780;05/04/2026;8:45:48;;;3,2;
F;134779;05/04/2026;8:39:11;;;3;
F;134778;05/04/2026;8:38:52;;;14,7;
F;134777;05/04/2026;8:32:57;;;1,5;
F;134776;05/04/2026;8:23:57;;;3,5;
F;134775;05/04/2026;8:22:26;;;1,7;
F;134774;05/04/2026;8:20:38;;;4,2;
F;134773;05/04/2026;8:01:13;;;7,5;
F;134772;05/04/2026;8:00:59;;;3;
F;134771;05/04/2026;8:00:32;;;1,5;
F;134770;05/04/2026;7:59:25;;;2,7;
F;134769;05/04/2026;7:30:58;;;1,5;
F;134768;05/04/2026;7:22:59;;;3,8;
F;134767;05/04/2026;7:21:23;;;1,7;
F;134766;04/04/2026;22:26:12;;;4,4;
F;134765;04/04/2026;22:12:48;;;2,2;
F;134764;04/04/2026;21:54:36;;;59,3;
F;134763;04/04/2026;21:53:12;;;18,5;
F;134762;04/04/2026;21:52:31;;;8,5;
F;134761;04/04/2026;21:45:56;;;13,7;
F;134760;04/04/2026;20:24:54;;;14,25;
F;134759;04/04/2026;19:49:11;;;1,6;
F;134758;04/04/2026;19:22:13;;;3,5;
F;134757;04/04/2026;18:46:17;;;1,5;
F;134756;04/04/2026;18:19:43;;;3,4;
F;134755;04/04/2026;18:03:21;;;5,8;
F;134754;04/04/2026;17:29:44;;;1,5;
F;134753;04/04/2026;17:26:46;;;1,4;
F;134752;04/04/2026;17:17:46;;;3,3;
F;134751;04/04/2026;17:06:14;;;3,5;
F;134750;04/04/2026;15:56:49;;;2,2;
F;134749;04/04/2026;15:41:44;;;44,3;
F;134748;04/04/2026;15:33:31;;;3,7;
F;134747;04/04/2026;15:33:02;;;42,95;
F;134746;04/04/2026;15:32:13;;;70,5;
F;134745;04/04/2026;15:24:59;;;27,5;
F;134744;04/04/2026;15:24:09;;;4,7;
F;134743;04/04/2026;15:23:05;;;28,4;
F;134742;04/04/2026;15:19:29;;;1,2;
F;134741;04/04/2026;15:16:02;;;25,3;
F;134740;04/04/2026;15:06:37;;;17,4;
F;134739;04/04/2026;14:56:42;;;23;
F;134738;04/04/2026;14:43:19;;;2,2;
F;134737;04/04/2026;14:43:00;;;9;
F;134736;04/04/2026;14:20:31;;;6,5;
F;134735;04/04/2026;14:13:41;;;4,4;
F;134734;04/04/2026;14:09:02;;;9,9;
F;134733;04/04/2026;13:52:24;;;12,5;
F;134732;04/04/2026;13:29:50;;;2,5;
F;134731;04/04/2026;13:29:15;;;3,8;
F;134730;04/04/2026;13:28:56;;;3,2;
F;134729;04/04/2026;13:23:11;;;5,2;
F;134728;04/04/2026;13:22:28;;;7,3;
F;134727;04/04/2026;13:09:45;;;7;
F;134726;04/04/2026;13:05:43;;;10;
F;134725;04/04/2026;13:03:10;;;3,8;
F;134724;04/04/2026;13:01:45;;;3,2;
F;134723;04/04/2026;12:55:59;;;4,4;
F;134722;04/04/2026;12:44:46;;;3;
F;134721;04/04/2026;12:44:33;;;3;
F;134720;04/04/2026;12:43:31;;;7;
F;134719;04/04/2026;12:42:20;;;31,7;
F;134718;04/04/2026;12:35:35;;;10,4;
F;134717;04/04/2026;12:27:20;;;9,4;
F;134716;04/04/2026;12:23:04;;;7;
F;134715;04/04/2026;12:09:08;;;3,7;
F;134714;04/04/2026;11:59:15;;;21;
F;134713;04/04/2026;11:58:12;;;16,6;
F;134712;04/04/2026;11:53:04;;;1,5;
F;134711;04/04/2026;11:50:33;;;3;
F;134710;04/04/2026;11:43:26;;;13;
F;134709;04/04/2026;11:41:14;;;2,2;
F;134708;04/04/2026;11:35:32;;;1,5;
F;134707;04/04/2026;11:32:26;;;7,2;
F;134706;04/04/2026;11:25:03;;;20,8;
F;134705;04/04/2026;11:15:43;;;36,7;
F;134704;04/04/2026;11:12:19;;;10,7;
F;134703;04/04/2026;11:11:13;;;13,3;
F;134702;04/04/2026;11:06:10;;;1,5;
F;134701;04/04/2026;10:59:06;;;1,5;
F;134700;04/04/2026;10:44:52;;;1,5;
F;134699;04/04/2026;10:44:17;;;3;
F;134698;04/04/2026;10:44:02;;;13,2;
F;134697;04/04/2026;10:42:03;;;4,8;
F;134696;04/04/2026;10:40:02;;;6,2;
F;134695;04/04/2026;10:38:29;;;3,4;
F;134694;04/04/2026;10:33:20;;;15,2;
F;134693;04/04/2026;10:33:04;;;1,2;
F;134692;04/04/2026;10:32:31;;;17,5;
F;134691;04/04/2026;10:20:37;;;2,2;
F;134690;04/04/2026;10:13:52;;;1,7;
F;134689;04/04/2026;10:11:59;;;1,5;
F;134688;04/04/2026;10:08:17;;;19,5;
F;134687;04/04/2026;10:07:22;;;2,4;
F;134686;04/04/2026;10:07:07;;;14;
F;134685;04/04/2026;9:49:46;;;4;
F;134684;04/04/2026;9:48:51;;;6,2;
F;134683;04/04/2026;9:38:59;;;6,3;
F;134682;04/04/2026;9:25:50;;;1,7;
F;134681;04/04/2026;9:25:27;;;4,7;
F;134680;04/04/2026;9:25:05;;;16,9;
F;134679;04/04/2026;9:24:02;;;17,5;
F;134678;04/04/2026;9:23:18;;;1,5;
F;134677;04/04/2026;9:23:06;;;7,7;
F;134676;04/04/2026;9:19:00;;;17,1;
F;134675;04/04/2026;9:18:08;;;15,4;
F;134674;04/04/2026;9:15:40;;;1,7;
F;134673;04/04/2026;9:14:33;;;3,4;
F;134672;04/04/2026;9:12:35;;;4,7;
F;134671;04/04/2026;9:07:41;;;16,4;
F;134670;04/04/2026;8:57:49;;;6,4;
F;134669;04/04/2026;8:56:27;;;2,4;
F;134668;04/04/2026;8:56:08;;;3,4;
F;134667;04/04/2026;8:55:30;;;3;
F;134666;04/04/2026;8:53:54;;;3,2;
F;134665;04/04/2026;8:53:00;;;24;
F;134664;04/04/2026;8:50:19;;;1,5;
F;134663;04/04/2026;8:48:50;;;6,3;
F;134662;04/04/2026;8:36:09;;;3;
F;134661;04/04/2026;8:31:03;;;1,5;
F;134660;04/04/2026;8:26:52;;;10;
F;134659;04/04/2026;8:21:42;;;7;
F;134658;04/04/2026;8:17:55;;;1,5;
F;134657;04/04/2026;8:17:26;;;1,7;
F;134656;04/04/2026;8:16:58;;;1,2;
F;134655;04/04/2026;8:16:45;;;1,5;
F;134654;04/04/2026;8:05:49;;;1,5;
F;134653;04/04/2026;8:05:40;;;1,5;
F;134652;04/04/2026;7:39:33;;;6,8;
F;134651;04/04/2026;7:38:56;;;1,5;
F;134650;04/04/2026;7:34:39;;;1,5;
F;134649;04/04/2026;7:19:01;;;3,8;
F;134648;04/04/2026;7:18:43;;;2,4;
F;134647;03/04/2026;23:21:46;;;34,5;
F;134646;03/04/2026;22:59:27;;;49,45;
F;134645;03/04/2026;22:50:34;;;129,3;
F;134644;03/04/2026;21:43:00;;;3,7;
F;134643;03/04/2026;20:57:26;;;4,4;
F;134642;03/04/2026;20:44:54;;;23,5;
F;134641;03/04/2026;20:35:37;;;10,2;
F;134640;03/04/2026;20:32:34;;;2,2;
F;134639;03/04/2026;20:13:07;;;6,9;
F;134638;03/04/2026;19:47:43;;;3,7;
F;134637;03/04/2026;19:44:32;;;2;
F;134636;03/04/2026;19:43:50;;;15,9;
F;134635;03/04/2026;19:43:32;;;2,2;
F;134634;03/04/2026;19:24:06;;;2,2;
F;134633;03/04/2026;19:12:13;;;6,5;
F;134632;03/04/2026;19:03:41;;;3,2;
F;134631;03/04/2026;19:01:59;;;2,5;
F;134630;03/04/2026;18:52:56;;;4,4;
F;134629;03/04/2026;17:41:12;;;2,8;
F;134628;03/04/2026;17:35:32;;;1,2;
F;134627;03/04/2026;17:18:20;;;5;
F;134626;03/04/2026;17:15:43;;;4,6;
F;134625;03/04/2026;17:05:08;;;1,2;
F;134624;03/04/2026;17:02:30;;;5,1;
F;134623;03/04/2026;16:55:58;;;2;
F;134622;03/04/2026;16:43:47;;;4,8;
F;134621;03/04/2026;16:36:14;;;7,3;
F;134620;03/04/2026;16:34:49;;;4,6;
F;134619;03/04/2026;16:10:48;;;1,2;
F;134618;03/04/2026;16:03:12;;;5,8;
F;134617;03/04/2026;15:51:58;;;4,4;
F;134616;03/04/2026;15:43:16;;;25,6;
F;134615;03/04/2026;15:37:50;;;7,7;
F;134614;03/04/2026;15:25:44;;;2,2;
F;134613;03/04/2026;15:11:27;;;4,4;
F;134612;03/04/2026;15:09:30;;;23,1;
F;134611;03/04/2026;15:07:58;;;82,4;
F;134610;03/04/2026;15:04:01;;;3;
F;134609;03/04/2026;14:33:54;;;27,3;
F;134608;03/04/2026;14:29:00;;;9,5;
F;134607;03/04/2026;14:27:52;;;4,4;
F;134606;03/04/2026;14:12:28;;;16,4;
F;134605;03/04/2026;14:02:02;;;5;
F;134604;03/04/2026;13:54:50;;;11,4;
F;134603;03/04/2026;13:50:31;;;24;
F;134602;03/04/2026;13:49:02;;;31;
F;134601;03/04/2026;13:48:03;;;21;
F;134600;03/04/2026;13:39:12;;;14,2;
F;134599;03/04/2026;13:28:18;;;11,1;
F;134598;03/04/2026;13:01:14;;;4,4;
F;134597;03/04/2026;12:44:16;;;3;
F;134596;03/04/2026;12:38:07;;;4,4;
F;134595;03/04/2026;12:23:15;;;6,5;
F;134594;03/04/2026;12:18:14;;;3,9;
F;134593;03/04/2026;12:12:35;;;1,2;
F;134592;03/04/2026;12:10:44;;;16,7;
F;134591;03/04/2026;12:03:17;;;2,2;
F;134590;03/04/2026;12:00:17;;;2,2;
F;134589;03/04/2026;11:59:06;;;3,9;
F;134588;03/04/2026;11:56:40;;;6,5;
F;134587;03/04/2026;11:42:39;;;1,6;
F;134586;03/04/2026;11:40:51;;;6,5;
F;134585;03/04/2026;11:40:22;;;1,5;
F;134584;03/04/2026;11:39:53;;;2,2;
F;134583;03/04/2026;11:22:59;;;19,4;
F;134582;03/04/2026;11:22:00;;;10,6;
F;134581;03/04/2026;11:20:49;;;15,4;
F;134580;03/04/2026;11:19:04;;;32,5;
F;134579;03/04/2026;11:17:28;;;20,9;
F;134578;03/04/2026;11:16:40;;;11;
F;134577;03/04/2026;11:15:32;;;1,5;
F;134576;03/04/2026;11:15:09;;;5,9;
F;134575;03/04/2026;10:55:26;;;2,2;
F;134574;03/04/2026;10:54:56;;;3,2;
F;134573;03/04/2026;10:47:19;;;5;
F;134572;03/04/2026;10:37:05;;;16,1;
F;134571;03/04/2026;10:35:18;;;1,7;
F;134570;03/04/2026;10:33:51;;;1,5;
F;134569;03/04/2026;10:30:01;;;11,7;
F;134568;03/04/2026;10:24:57;;;19,9;
F;134567;03/04/2026;10:20:27;;;56,1;
F;134566;03/04/2026;10:15:52;;;6,7;
F;134565;03/04/2026;10:07:30;;;6,3;
F;134564;03/04/2026;9:56:14;;;14,7;
F;134563;03/04/2026;9:54:12;;;3,2;
F;134562;03/04/2026;9:33:34;;;1,5;
F;134561;03/04/2026;9:31:58;;;3,5;
F;134560;03/04/2026;9:29:01;;;3;
F;134559;03/04/2026;9:25:33;;;8,9;
F;134558;03/04/2026;9:23:28;;;1,5;
F;134557;03/04/2026;9:17:34;;;5;
F;134556;03/04/2026;9:17:26;;;7,9;
F;134555;03/04/2026;9:14:52;;;4,7;
F;134554;03/04/2026;8:54:37;;;3,4;
F;134553;03/04/2026;8:45:03;;;3,3;
F;134552;03/04/2026;8:41:53;;;1,5;
F;134551;03/04/2026;8:38:31;;;3;
F;134550;03/04/2026;8:38:21;;;3,2;
F;134549;03/04/2026;8:25:28;;;1,5;
F;134548;03/04/2026;8:20:17;;;2,7;
F;134547;03/04/2026;7:48:11;;;1,5;
F;134546;03/04/2026;7:47:53;;;3;
F;134545;03/04/2026;7:42:13;;;2,8;
F;134544;03/04/2026;7:41:49;;;1,7;
F;134543;03/04/2026;7:19:01;;;1,5;
F;134542;03/04/2026;7:15:52;;;1,5;
F;134541;03/04/2026;7:15:42;;;1,7;
F;134540;03/04/2026;6:58:41;;;1,5;
F;134539;03/04/2026;6:55:52;;;1,2;
F;134538;03/04/2026;6:55:41;;;1,7;
F;134537;03/04/2026;6:51:55;;;1,5;
F;134536;02/04/2026;16:11:26;;;3;
F;134535;02/04/2026;16:09:53;;;19,6;
F;134534;02/04/2026;16:07:12;;;4,4;
F;134533;02/04/2026;15:40:17;;;1,2;
F;134532;02/04/2026;15:39:14;;;3,2;
F;134531;02/04/2026;15:39:02;;;4,7;
F;134530;02/04/2026;15:35:05;;;2,2;
F;134529;02/04/2026;15:32:37;;;26,4;
F;134528;02/04/2026;15:27:07;;;16,9;
F;134527;02/04/2026;15:22:18;;;3;
F;134526;02/04/2026;15:13:18;;;7,3;
F;134525;02/04/2026;15:04:19;;;11,7;
F;134524;02/04/2026;15:00:28;;;21,4;
F;134523;02/04/2026;14:48:26;;;4,4;
F;134522;02/04/2026;14:39:43;;;14,1;
F;134521;02/04/2026;14:38:55;;;5,6;
F;134520;02/04/2026;14:38:29;;;6,9;
F;134519;02/04/2026;14:38:02;;;35;
F;134518;02/04/2026;14:11:06;;;21,1;
F;134517;02/04/2026;14:09:33;;;34,5;
F;134516;02/04/2026;14:07:43;;;1,2;
F;134515;02/04/2026;13:57:03;;;33,1;
F;134514;02/04/2026;13:37:32;;;7,7;
F;134513;02/04/2026;13:25:45;;;4,4;
F;134512;02/04/2026;13:14:36;;;21;
F;134511;02/04/2026;13:09:29;;;45,8;
F;134510;02/04/2026;13:08:51;;;34,1;
F;134509;02/04/2026;13:06:51;;;2,7;
F;134508;02/04/2026;13:03:07;;;10,9;
F;134507;02/04/2026;12:41:30;;;2,2;
F;134506;02/04/2026;12:39:49;;;3;
F;134505;02/04/2026;12:29:12;;;1,5;
F;134504;02/04/2026;12:18:55;;;27,1;
F;134503;02/04/2026;12:08:55;;;1,7;
F;134502;02/04/2026;12:08:38;;;8,4;
F;134501;02/04/2026;11:53:10;;;3,4;
F;134500;02/04/2026;11:34:10;;;7;
F;134499;02/04/2026;11:28:15;;;8,9;
F;134498;02/04/2026;11:23:29;;;11,9;
F;134497;02/04/2026;11:22:33;;;15,9;
F;134496;02/04/2026;11:18:38;;;3,9;
F;134495;02/04/2026;11:17:42;;;7;
F;134494;02/04/2026;11:15:29;;;9,4;
F;134493;02/04/2026;11:13:59;;;3;
F;134492;02/04/2026;11:12:56;;;3;
F;134491;02/04/2026;11:02:30;;;17;
F;134490;02/04/2026;10:45:50;;;5;
F;134489;02/04/2026;10:38:47;;;5,5;
F;134488;02/04/2026;10:33:28;;;17,5;
F;134487;02/04/2026;10:23:28;;;11,9;
F;134486;02/04/2026;10:19:01;;;5,4;
F;134485;02/04/2026;10:16:16;;;1,2;
F;134484;02/04/2026;10:10:04;;;6,2;
F;134483;02/04/2026;10:03:11;;;24,4;
F;134482;02/04/2026;10:02:05;;;16,4;
F;134481;02/04/2026;9:52:05;;;7,7;
F;134480;02/04/2026;9:48:00;;;1,5;
F;134479;02/04/2026;9:44:52;;;2,2;
F;134478;02/04/2026;9:34:07;;;1,2;
F;134477;02/04/2026;9:33:44;;;1,5;
F;134476;02/04/2026;9:17:38;;;3;
F;134475;02/04/2026;9:15:02;;;3,5;
F;134474;02/04/2026;9:13:01;;;13,7;
F;134473;02/04/2026;9:09:49;;;4,7;
F;134472;02/04/2026;9:06:38;;;4,5;
F;134471;02/04/2026;9:01:18;;;6,6;
F;134470;02/04/2026;8:55:03;;;1,5;
F;134469;02/04/2026;8:38:39;;;10;
F;134468;02/04/2026;8:37:39;;;6,8;
F;134467;02/04/2026;8:36:17;;;3,55;
F;134466;02/04/2026;8:22:29;;;3,4;
F;134465;02/04/2026;8:19:39;;;2,7;
F;134464;02/04/2026;8:08:32;;;1,2;
F;134463;02/04/2026;7:55:52;;;2,7;
F;134462;02/04/2026;7:43:38;;;3;
F;134461;02/04/2026;7:39:08;;;1,5;
F;134460;02/04/2026;7:34:19;;;1,2;
F;134459;02/04/2026;7:28:53;;;1,5;
F;134458;02/04/2026;7:27:27;;;1,2;
F;134457;02/04/2026;7:20:42;;;1,7;
F;134456;02/04/2026;7:19:40;;;1,2;
F;134455;02/04/2026;7:17:49;;;3,8;
F;134454;02/04/2026;7:08:47;;;1,5;
F;134453;02/04/2026;7:04:13;;;1,7;
F;134452;01/04/2026;16:07:22;;;2,2;
F;134451;01/04/2026;15:55:43;;;9,2;
F;134450;01/04/2026;15:55:25;;;8,8;
F;134449;01/04/2026;15:49:12;;;10,2;
F;134448;01/04/2026;15:47:19;;;34;
F;134447;01/04/2026;15:36:47;;;7,4;
F;134446;01/04/2026;15:29:06;;;2,4;
F;134445;01/04/2026;15:08:09;;;39,1;
F;134444;01/04/2026;15:05:45;;;2,2;
F;134443;01/04/2026;14:52:01;;;7,5;
F;134442;01/04/2026;14:51:11;;;5,6;
F;134441;01/04/2026;14:45:43;;;8,8;
F;134440;01/04/2026;14:42:56;;;3,4;
F;134439;01/04/2026;14:33:13;;;27,4;
F;134438;01/04/2026;14:27:32;;;3;
F;134437;01/04/2026;14:25:59;;;8,6;
F;134436;01/04/2026;14:24:57;;;6,6;
F;134435;01/04/2026;14:24:10;;;1,5;
F;134434;01/04/2026;14:01:48;;;5;
F;134433;01/04/2026;14:00:05;;;27;
F;134432;01/04/2026;13:54:22;;;3,6;
F;134431;01/04/2026;13:53:28;;;62,9;
F;134430;01/04/2026;13:47:47;;;2,2;
F;134429;01/04/2026;13:46:38;;;1,5;
F;134428;01/04/2026;13:43:26;;;3;
F;134427;01/04/2026;13:42:27;;;12,6;
F;134426;01/04/2026;13:39:34;;;11,7;
F;134425;01/04/2026;13:26:25;;;1,4;
F;134424;01/04/2026;13:26:07;;;2,2;
F;134423;01/04/2026;13:24:07;;;5,6;
F;134422;01/04/2026;13:23:25;;;4,4;
F;134421;01/04/2026;13:17:49;;;6,9;
F;134420;01/04/2026;13:11:49;;;29,5;
F;134419;01/04/2026;13:08:30;;;9,9;
F;134418;01/04/2026;13:07:45;;;5,2;
F;134417;01/04/2026;13:06:32;;;28,1;
F;134416;01/04/2026;12:39:22;;;15,7;
F;134415;01/04/2026;12:35:33;;;1,5;
F;134414;01/04/2026;12:33:39;;;2,2;
F;134413;01/04/2026;12:29:28;;;2,7;
F;134412;01/04/2026;12:27:00;;;1,5;
F;134411;01/04/2026;12:26:46;;;11,5;
F;134410;01/04/2026;12:22:07;;;3;
F;134409;01/04/2026;12:21:17;;;9,9;
F;134408;01/04/2026;12:20:59;;;1,6;
F;134407;01/04/2026;12:20:32;;;3,4;
F;134406;01/04/2026;12:18:15;;;4,2;
F;134405;01/04/2026;12:14:33;;;9,1;
F;134404;01/04/2026;12:07:18;;;3,2;
F;134403;01/04/2026;11:57:38;;;6,9;
F;134402;01/04/2026;11:55:16;;;3;
F;134401;01/04/2026;11:54:43;;;6,9;
F;134400;01/04/2026;11:41:24;;;7,7;
F;134399;01/04/2026;11:39:58;;;11,3;
F;134398;01/04/2026;11:38:34;;;6,9;
F;134397;01/04/2026;11:38:00;;;10,4;
F;134396;01/04/2026;11:37:03;;;8,9;
F;134395;01/04/2026;11:35:35;;;32,9;
F;134394;01/04/2026;11:34:49;;;8,8;
F;134393;01/04/2026;11:34:38;;;23,1;
F;134392;01/04/2026;11:31:08;;;11,2;
F;134391;01/04/2026;11:28:05;;;40,1;
F;134390;01/04/2026;11:25:59;;;12,2;
F;134389;01/04/2026;11:25:19;;;12,2;
F;134388;01/04/2026;11:23:35;;;11,8;
F;134387;01/04/2026;11:22:39;;;9,9;
F;134386;01/04/2026;11:22:14;;;6;
F;134385;01/04/2026;11:21:35;;;9,2;
F;134384;01/04/2026;11:19:58;;;8,2;
F;134383;01/04/2026;11:18:15;;;16,1;
F;134382;01/04/2026;11:17:21;;;12,2;
F;134381;01/04/2026;11:15:53;;;8,7;
F;134380;01/04/2026;11:15:14;;;8,7;
F;134379;01/04/2026;11:11:24;;;6;
F;134378;01/04/2026;11:09:42;;;11,7;
F;134377;01/04/2026;11:07:19;;;12;
F;134376;01/04/2026;11:05:36;;;14,2;
F;134375;01/04/2026;11:01:33;;;1,5;
F;134374;01/04/2026;11:00:12;;;3,4;
F;134373;01/04/2026;10:59:37;;;16,5;
F;134372;01/04/2026;10:57:31;;;2,4;
F;134371;01/04/2026;10:53:47;;;28,4;
F;134370;01/04/2026;10:45:50;;;23,1;
F;134369;01/04/2026;10:43:00;;;3,7;
F;134368;01/04/2026;10:36:22;;;3,2;
F;134367;01/04/2026;10:32:06;;;11,8;
F;134366;01/04/2026;10:30:23;;;15,6;
F;134365;01/04/2026;10:26:13;;;1,5;
F;134364;01/04/2026;10:23:03;;;2,2;
F;134363;01/04/2026;10:17:34;;;1,7;
F;134362;01/04/2026;10:15:57;;;3,4;
F;134361;01/04/2026;10:14:36;;;1,5;
F;134360;01/04/2026;10:14:18;;;24,8;
F;134359;01/04/2026;10:11:42;;;9,9;
F;134358;01/04/2026;10:06:59;;;1,5;
F;134357;01/04/2026;10:01:04;;;1,5;
F;134356;01/04/2026;9:55:27;;;2,4;
F;134355;01/04/2026;9:55:15;;;2,7;
F;134354;01/04/2026;9:41:37;;;1,2;
F;134353;01/04/2026;9:40:03;;;1,9;
F;134352;01/04/2026;9:35:03;;;12,1;
F;134351;01/04/2026;9:33:31;;;4,2;
F;134350;01/04/2026;9:32:24;;;1,5;
F;134349;01/04/2026;9:31:12;;;3;
F;134348;01/04/2026;9:30:46;;;8,2;
F;134347;01/04/2026;9:26:23;;;14,1;
F;134346;01/04/2026;9:22:11;;;1,2;
F;134345;01/04/2026;9:13:21;;;3;
F;134344;01/04/2026;9:09:42;;;3,2;
F;134343;01/04/2026;9:06:28;;;4,7;
F;134342;01/04/2026;9:04:34;;;8,8;
F;134341;01/04/2026;9:01:38;;;4,7;
F;134340;01/04/2026;8:57:05;;;1,2;
F;134339;01/04/2026;8:53:02;;;2;
F;134338;01/04/2026;8:47:16;;;7,7;
F;134337;01/04/2026;8:46:37;;;3;
F;134336;01/04/2026;8:46:00;;;3,4;
F;134335;01/04/2026;8:42:32;;;1,7;
F;134334;01/04/2026;8:39:43;;;3,4;
F;134333;01/04/2026;8:39:16;;;19,7;
F;134332;01/04/2026;8:37:22;;;3;
F;134331;01/04/2026;8:36:49;;;7,7;
F;134330;01/04/2026;8:34:05;;;17;
F;134329;01/04/2026;8:24:47;;;3,2;
F;134328;01/04/2026;8:22:25;;;1,5;
F;134327;01/04/2026;8:22:08;;;1,5;
F;134326;01/04/2026;8:09:48;;;1,6;
F;134325;01/04/2026;8:08:22;;;3,1;
F;134324;01/04/2026;8:04:16;;;3,2;
F;134323;01/04/2026;8:03:10;;;2,7;
F;134322;01/04/2026;8:00:57;;;1,2;
F;134321;01/04/2026;7:50:37;;;1,5;
F;134320;01/04/2026;7:49:43;;;1,5;
F;134319;01/04/2026;7:49:29;;;1,5;
F;134318;01/04/2026;7:47:33;;;2,8;
F;134317;01/04/2026;7:45:23;;;1,2;
F;134316;01/04/2026;7:45:13;;;2,7;
F;134315;01/04/2026;7:30:27;;;1,7;
F;134314;01/04/2026;7:17:46;;;3,4;
F;134313;01/04/2026;7:14:28;;;3;
F;134312;01/04/2026;7:13:05;;;1,2;
F;134311;01/04/2026;7:10:31;;;1,5;
F;134310;01/04/2026;7:07:22;;;3;
F;134309;01/04/2026;7:04:33;;;1,7;
F;134308;01/04/2026;7:00:20;;;1,5;
F;134307;01/04/2026;6:50:41;;;1,2;
F;134306;01/04/2026;6:49:41;;;3,8;
F;134305;01/04/2026;6:47:58;;;2,9;
F;134304;01/04/2026;6:47:40;;;1,5;
F;134303;01/04/2026;6:40:59;;;3,2;
F;134302;31/03/2026;16:45:43;;;3;
F;134301;31/03/2026;16:36:30;;;10,4;
F;134300;31/03/2026;16:34:33;;;4,8;
F;134299;31/03/2026;16:29:30;;;13,8;
F;134298;31/03/2026;16:21:04;;;48;
F;134297;31/03/2026;16:17:12;;;10,2;
F;134296;31/03/2026;16:05:54;;;6,6;
F;134295;31/03/2026;16:01:37;;;24,4;
F;134294;31/03/2026;15:58:07;;;32,6;
F;134293;31/03/2026;15:52:23;;;2,3;
F;134292;31/03/2026;15:51:46;;;2,2;
F;134291;31/03/2026;15:35:37;;;2,2;
F;134290;31/03/2026;15:29:12;;;2,2;
F;134289;31/03/2026;15:23:50;;;5,5;
F;134288;31/03/2026;15:22:51;;;2,2;
F;134287;31/03/2026;15:19:20;;;12,7;
F;134286;31/03/2026;15:18:29;;;2,2;
F;134285;31/03/2026;15:05:10;;;2,2;
F;134284;31/03/2026;14:43:36;;;26,6;
F;134283;31/03/2026;14:42:27;;;4,2;
F;134282;31/03/2026;14:40:57;;;6,7;
F;134281;31/03/2026;14:30:33;;;1,5;
F;134280;31/03/2026;14:27:11;;;44,1;
F;134279;31/03/2026;14:24:51;;;8,2;
F;134278;31/03/2026;14:23:54;;;33,5;
F;134277;31/03/2026;14:22:36;;;19,3;
F;134276;31/03/2026;14:21:20;;;18,3;
F;134275;31/03/2026;14:20:23;;;12,4;
F;134274;31/03/2026;14:19:30;;;48,9;
F;134273;31/03/2026;14:12:51;;;10,4;
F;134272;31/03/2026;13:47:24;;;10,9;
F;134271;31/03/2026;13:45:20;;;1,5;
F;134270;31/03/2026;13:38:31;;;2,2;
F;134269;31/03/2026;13:36:56;;;1,2;
F;134268;31/03/2026;13:34:18;;;4,4;
F;134267;31/03/2026;13:25:19;;;1,4;
F;134266;31/03/2026;13:20:23;;;1,6;
F;134265;31/03/2026;13:15:16;;;13;
F;134264;31/03/2026;13:14:32;;;11;
F;134263;31/03/2026;13:13:43;;;6;
F;134262;31/03/2026;13:10:06;;;4,6;
F;134261;31/03/2026;13:04:41;;;2,2;
F;134260;31/03/2026;12:52:06;;;4,6;
F;134259;31/03/2026;12:46:20;;;3,1;
F;134258;31/03/2026;12:40:02;;;33,9;
F;134257;31/03/2026;12:31:18;;;23,1;
F;134256;31/03/2026;12:26:15;;;10,1;
F;134255;31/03/2026;12:22:14;;;9,3;
F;134254;31/03/2026;12:20:18;;;4,7;
F;134253;31/03/2026;12:19:15;;;2,5;
F;134252;31/03/2026;12:06:14;;;1,5;
F;134251;31/03/2026;12:03:52;;;66,7;
F;134250;31/03/2026;12:03:16;;;10,9;
F;134249;31/03/2026;11:59:47;;;10,2;
F;134248;31/03/2026;11:58:50;;;6,6;
F;134247;31/03/2026;11:52:50;;;10,5;
F;134246;31/03/2026;11:48:54;;;15,1;
F;134245;31/03/2026;11:48:08;;;4,4;
F;134244;31/03/2026;11:47:13;;;11,9;
F;134243;31/03/2026;11:45:05;;;11,2;
F;134242;31/03/2026;11:35:22;;;2,2;
F;134241;31/03/2026;11:31:43;;;18,5;
F;134240;31/03/2026;11:25:32;;;4,4;
F;134239;31/03/2026;11:22:06;;;2,2;
F;134238;31/03/2026;11:11:57;;;13,7;
F;134237;31/03/2026;11:08:50;;;28,1;
F;134236;31/03/2026;11:08:08;;;1,2;
F;134235;31/03/2026;11:02:51;;;11,6;
F;134234;31/03/2026;10:57:25;;;40,7;
F;134233;31/03/2026;10:53:28;;;19,7;
F;134232;31/03/2026;10:48:27;;;10,4;
F;134231;31/03/2026;10:47:51;;;1,5;
F;134230;31/03/2026;10:45:02;;;20,8;
F;134229;31/03/2026;10:43:58;;;17,1;
F;134228;31/03/2026;10:39:05;;;1,2;
F;134227;31/03/2026;10:38:07;;;8,9;
F;134226;31/03/2026;10:33:22;;;5,2;
F;134225;31/03/2026;10:32:02;;;8,2;
F;134224;31/03/2026;10:28:06;;;9,3;
F;134223;31/03/2026;10:26:24;;;27,6;
F;134222;31/03/2026;10:22:39;;;8,2;
F;134221;31/03/2026;10:12:02;;;4,6;
F;134220;31/03/2026;10:10:42;;;2,9;
F;134219;31/03/2026;10:04:57;;;3,4;
F;134218;31/03/2026;10:03:46;;;22;
F;134217;31/03/2026;9:52:49;;;5,3;
F;134216;31/03/2026;9:49:34;;;2,2;
F;134215;31/03/2026;9:39:18;;;19,6;
F;134214;31/03/2026;9:31:39;;;5,1;
F;134213;31/03/2026;9:20:41;;;33,2;
F;134212;31/03/2026;9:18:48;;;4,7;
F;134211;31/03/2026;9:17:35;;;1,5;
F;134210;31/03/2026;9:15:45;;;3,8;
F;134209;31/03/2026;9:05:14;;;9,2;
F;134208;31/03/2026;9:00:55;;;2,5;
F;134207;31/03/2026;8:59:59;;;2,4;
F;134206;31/03/2026;8:59:06;;;2,7;
F;134205;31/03/2026;8:58:31;;;1,2;
F;134204;31/03/2026;8:45:23;;;2,7;
F;134203;31/03/2026;8:37:19;;;1,5;
F;134202;31/03/2026;8:29:56;;;3,2;
F;134201;31/03/2026;8:25:43;;;3,4;
F;134200;31/03/2026;8:23:45;;;1,6;
F;134199;31/03/2026;8:20:42;;;1,2;
F;134198;31/03/2026;8:06:56;;;1,5;
F;134197;31/03/2026;8:00:32;;;4,7;
F;134196;31/03/2026;7:58:03;;;3;
F;134195;31/03/2026;7:36:33;;;1,5;
F;134194;31/03/2026;7:30:48;;;1,5;
F;134193;31/03/2026;7:30:37;;;8,9;
F;134192;31/03/2026;7:23:56;;;1,8;
F;134191;30/03/2026;16:27:22;;;15;
F;134190;30/03/2026;16:25:04;;;2,85;
F;134189;30/03/2026;16:18:10;;;1,6;
F;134188;30/03/2026;16:09:46;;;15,5;
F;134187;30/03/2026;15:59:14;;;19,5;
F;134186;30/03/2026;15:31:04;;;3;
F;134185;30/03/2026;15:25:41;;;2,2;
F;134184;30/03/2026;15:16:45;;;1,2;
F;134183;30/03/2026;15:13:03;;;15,75;
F;134182;30/03/2026;15:12:03;;;1,2;
F;134181;30/03/2026;15:03:13;;;3,7;
F;134180;30/03/2026;14:56:30;;;23,7;
F;134179;30/03/2026;14:50:43;;;15,4;
F;134178;30/03/2026;14:49:04;;;86,8;
F;134177;30/03/2026;14:47:51;;;1,5;
F;134176;30/03/2026;14:45:16;;;12,1;
F;134175;30/03/2026;14:37:13;;;2,5;
F;134174;30/03/2026;14:32:43;;;24,1;
F;134173;30/03/2026;14:26:13;;;30,5;
F;134172;30/03/2026;14:18:14;;;1,2;
F;134171;30/03/2026;14:10:28;;;26,2;
F;134170;30/03/2026;13:57:01;;;11,7;
F;134169;30/03/2026;13:53:04;;;7,7;
F;134168;30/03/2026;13:47:26;;;1,5;
F;134167;30/03/2026;13:26:29;;;1,2;
F;134166;30/03/2026;13:25:17;;;4,4;
F;134165;30/03/2026;13:19:00;;;9,9;
F;134164;30/03/2026;13:16:04;;;2,2;
F;134163;30/03/2026;13:09:00;;;1,6;
F;134162;30/03/2026;12:45:07;;;1,6;
F;134161;30/03/2026;12:44:57;;;2,2;
F;134160;30/03/2026;12:33:52;;;3,9;
F;134159;30/03/2026;12:29:39;;;3;
F;134158;30/03/2026;12:26:07;;;4,3;
F;134157;30/03/2026;12:25:28;;;21,9;
F;134156;30/03/2026;12:24:36;;;3,9;
F;134155;30/03/2026;12:19:23;;;9,4;
F;134154;30/03/2026;11:53:14;;;1,5;
F;134153;30/03/2026;11:52:51;;;8;
F;134152;30/03/2026;11:49:42;;;6,7;
F;134151;30/03/2026;11:48:20;;;1,7;
F;134150;30/03/2026;11:39:11;;;2,4;
F;134149;30/03/2026;11:33:36;;;10,4;
F;134148;30/03/2026;11:15:47;;;2,3;
F;134147;30/03/2026;11:08:57;;;6,5;
F;134146;30/03/2026;10:43:04;;;10,2;
F;134145;30/03/2026;10:35:09;;;11,5;
F;134144;30/03/2026;10:30:16;;;9;
F;134143;30/03/2026;10:17:35;;;1,5;
F;134142;30/03/2026;10:16:22;;;5,5;
F;134141;30/03/2026;10:13:10;;;4,7;
F;134140;30/03/2026;10:09:21;;;11,4;
F;134139;30/03/2026;10:08:47;;;6,4;
F;134138;30/03/2026;10:06:08;;;15,1;
F;134137;30/03/2026;10:00:50;;;5,3;
F;134136;30/03/2026;9:56:45;;;8,1;
F;134135;30/03/2026;9:45:31;;;9,7;
F;134134;30/03/2026;9:44:28;;;10,2;
F;134133;30/03/2026;9:43:56;;;7;
F;134132;30/03/2026;9:43:00;;;4,2;
F;134131;30/03/2026;9:39:15;;;2,5;
F;134130;30/03/2026;9:37:32;;;1,5;
F;134129;30/03/2026;9:31:17;;;18,6;
F;134128;30/03/2026;9:30:17;;;1,7;
F;134127;30/03/2026;9:23:59;;;1,5;
F;134126;30/03/2026;9:23:23;;;9;
F;134125;30/03/2026;9:22:38;;;28,7;
F;134124;30/03/2026;9:16:56;;;3,5;
F;134123;30/03/2026;9:16:19;;;11,7;
F;134122;30/03/2026;9:12:05;;;1,5;
F;134121;30/03/2026;9:04:09;;;4,6;
F;134120;30/03/2026;9:02:56;;;3,9;
F;134119;30/03/2026;8:58:52;;;1,2;
F;134118;30/03/2026;8:58:42;;;1,5;
F;134117;30/03/2026;8:51:29;;;3,4;
F;134116;30/03/2026;8:50:42;;;1,5;
F;134115;30/03/2026;8:44:54;;;2,5;
F;134114;30/03/2026;8:44:27;;;2,4;
F;134113;30/03/2026;8:22:48;;;1,5;
F;134112;30/03/2026;8:22:39;;;3;
F;134111;30/03/2026;8:18:10;;;1,7;
F;134110;30/03/2026;8:08:34;;;5,3;
F;134109;30/03/2026;8:02:19;;;1,5;
F;134108;30/03/2026;8:01:05;;;3,1;
F;134107;30/03/2026;7:56:14;;;1,5;
F;134106;30/03/2026;7:53:41;;;1,5;
F;134105;30/03/2026;7:47:30;;;1,5;
F;134104;30/03/2026;7:45:34;;;1,5;
F;134103;30/03/2026;7:45:25;;;1,5;
F;134102;30/03/2026;7:43:30;;;1,2;
F;134101;30/03/2026;7:41:35;;;1,7;
F;134100;30/03/2026;7:33:22;;;1,8;
F;134099;30/03/2026;7:18:17;;;1,7;
F;134098;29/03/2026;16:26:31;;;1,5;
F;134097;29/03/2026;16:14:27;;;66,35;
F;134096;29/03/2026;16:10:42;;;1,5;
F;134095;29/03/2026;16:10:29;;;7,1;
F;134094;29/03/2026;16:03:25;;;2,5;
F;134093;29/03/2026;15:37:31;;;57,7;
F;134092;29/03/2026;15:35:43;;;14,3;
F;134091;29/03/2026;15:22:52;;;14,9;
F;134090;29/03/2026;15:05:45;;;25,4;
F;134089;29/03/2026;15:03:18;;;46,45;
F;134088;29/03/2026;14:58:03;;;8,7;
F;134087;29/03/2026;14:57:35;;;8,7;
F;134086;29/03/2026;14:56:51;;;12,7;
F;134085;29/03/2026;14:54:46;;;7,5;
F;134084;29/03/2026;14:39:44;;;4,4;
F;134083;29/03/2026;14:35:53;;;2,3;
F;134082;29/03/2026;14:33:38;;;42,45;
F;134081;29/03/2026;14:32:49;;;10,4;
F;134080;29/03/2026;14:25:11;;;4,4;
F;134079;29/03/2026;14:24:33;;;4,8;
F;134078;29/03/2026;14:24:06;;;11;
F;134077;29/03/2026;14:23:26;;;13,1;
F;134076;29/03/2026;14:18:37;;;16,7;
F;134075;29/03/2026;14:13:46;;;16,5;
F;134074;29/03/2026;14:09:15;;;2,2;
F;134073;29/03/2026;14:06:27;;;21,3;
F;134072;29/03/2026;14:01:00;;;11,9;
F;134071;29/03/2026;13:47:42;;;4,2;
F;134070;29/03/2026;13:43:13;;;14,1;
F;134069;29/03/2026;13:41:34;;;51,1;
F;134068;29/03/2026;13:31:27;;;3,9;
F;134067;29/03/2026;13:31:08;;;1,7;
F;134066;29/03/2026;13:21:13;;;6,4;
F;134065;29/03/2026;13:19:19;;;2,2;
F;134064;29/03/2026;13:19:06;;;2,2;
F;134063;29/03/2026;13:09:35;;;18,5;
F;134062;29/03/2026;12:37:12;;;2,6;
F;134061;29/03/2026;12:18:25;;;61,9;
F;134060;29/03/2026;12:17:07;;;1,5;
F;134059;29/03/2026;12:14:41;;;10,7;
F;134058;29/03/2026;12:11:53;;;10,5;
F;134057;29/03/2026;12:05:08;;;10,4;
F;134056;29/03/2026;12:04:16;;;11,6;
F;134055;29/03/2026;12:03:35;;;12,2;
F;134054;29/03/2026;12:02:38;;;11,6;
F;134053;29/03/2026;12:01:47;;;13,2;
F;134052;29/03/2026;11:58:15;;;1,5;
F;134051;29/03/2026;11:45:24;;;36,7;
F;134050;29/03/2026;11:43:59;;;1,2;
F;134049;29/03/2026;11:38:35;;;14,4;
F;134048;29/03/2026;11:32:22;;;3,2;
F;134047;29/03/2026;11:29:49;;;1,2;
F;134046;29/03/2026;11:24:46;;;3;
F;134045;29/03/2026;11:23:01;;;2,2;
F;134044;29/03/2026;11:22:33;;;3,8;
F;134043;29/03/2026;11:18:03;;;4,8;
F;134042;29/03/2026;11:13:35;;;5,9;
F;134041;29/03/2026;11:01:49;;;57,1;
F;134040;29/03/2026;10:56:36;;;1,5;
F;134039;29/03/2026;10:56:25;;;6,4;
F;134038;29/03/2026;10:54:20;;;1,9;
F;134037;29/03/2026;10:52:38;;;3;
F;134036;29/03/2026;10:51:07;;;20,2;
F;134035;29/03/2026;10:49:23;;;22;
F;134034;29/03/2026;10:48:37;;;19,7;
F;134033;29/03/2026;10:48:16;;;1,5;
F;134032;29/03/2026;10:37:16;;;4,7;
F;134031;29/03/2026;10:34:10;;;5,2;
F;134030;29/03/2026;10:24:08;;;1,5;
F;134029;29/03/2026;10:21:56;;;11;
F;134028;29/03/2026;10:20:49;;;21,9;
F;134027;29/03/2026;10:11:35;;;15,8;
F;134026;29/03/2026;10:00:46;;;6;
F;134025;29/03/2026;9:56:58;;;6,3;
F;134024;29/03/2026;9:56:03;;;2,4;
F;134023;29/03/2026;9:54:10;;;1,7;
F;134022;29/03/2026;9:41:43;;;30,5;
F;134021;29/03/2026;9:40:13;;;2,8;
F;134020;29/03/2026;9:29:22;;;3,2;
F;134019;29/03/2026;9:28:49;;;4,7;
F;134018;29/03/2026;9:27:06;;;2,9;
F;134017;29/03/2026;9:21:07;;;14,9;
F;134016;29/03/2026;9:17:08;;;2,4;
F;134015;29/03/2026;9:16:01;;;2,3;
F;134014;29/03/2026;9:13:13;;;10;
F;134013;29/03/2026;9:09:05;;;6;
F;134012;29/03/2026;9:03:52;;;1,2;
F;134011;29/03/2026;9:00:58;;;3,5;
F;134010;29/03/2026;9:00:04;;;1,5;
F;134009;29/03/2026;8:56:45;;;3,9;
F;134008;29/03/2026;8:51:53;;;9,5;
F;134007;29/03/2026;8:39:54;;;3,5;
F;134006;29/03/2026;8:10:54;;;1,5;
F;134005;29/03/2026;8:07:59;;;3,2;
F;134004;29/03/2026;7:48:51;;;1,5;
F;134003;29/03/2026;7:34:56;;;3;
F;134002;29/03/2026;7:27:29;;;1,7;
F;134001;28/03/2026;23:52:26;;;1,5;
F;134000;28/03/2026;23:50:44;;;100,6;
F;133999;28/03/2026;23:50:18;;;11,4;
F;133998;28/03/2026;23:49:34;;;49,7;
F;133997;28/03/2026;23:47:49;;;34;
F;133996;28/03/2026;23:38:04;;;15,9;
F;133995;28/03/2026;23:33:20;;;4,8;
F;133994;28/03/2026;23:30:30;;;3,4;
F;133993;28/03/2026;22:52:10;;;2,8;
F;133992;28/03/2026;22:44:35;;;25,8;
F;133991;28/03/2026;22:29:48;;;44;
F;133990;28/03/2026;22:08:36;;;3,4;
F;133989;28/03/2026;22:06:24;;;24,4;
F;133988;28/03/2026;21:53:47;;;19,7;
F;133987;28/03/2026;21:47:56;;;2,2;
F;133986;28/03/2026;21:26:19;;;19,1;
F;133985;28/03/2026;21:22:01;;;15;
F;133984;28/03/2026;21:16:27;;;17,8;
F;133983;28/03/2026;21:11:30;;;28,8;
F;133982;28/03/2026;21:09:37;;;50,3;
F;133981;28/03/2026;21:01:45;;;15,4;
F;133980;28/03/2026;20:45:22;;;25,1;
F;133979;28/03/2026;20:43:19;;;3,7;
F;133978;28/03/2026;20:41:47;;;6;
F;133977;28/03/2026;20:35:26;;;1,7;
F;133976;28/03/2026;20:31:54;;;6,5;
F;133975;28/03/2026;20:05:53;;;27;
F;133974;28/03/2026;19:50:06;;;3,2;
F;133973;28/03/2026;19:41:47;;;0;
F;133972;28/03/2026;19:18:10;;;1,6;
F;133971;28/03/2026;19:08:47;;;3,9;
F;133970;28/03/2026;18:49:19;;;4,4;
F;133969;28/03/2026;18:11:27;;;4,5;
F;133968;28/03/2026;17:48:54;;;3,2;
F;133967;28/03/2026;17:20:05;;;2,2;
F;133966;28/03/2026;17:17:30;;;2,2;
F;133965;28/03/2026;17:05:26;;;2,5;
F;133964;28/03/2026;16:56:43;;;2,2;
F;133963;28/03/2026;16:39:49;;;2,2;
F;133962;28/03/2026;16:39:05;;;39,7;
F;133961;28/03/2026;16:34:04;;;10,4;
F;133960;28/03/2026;16:27:51;;;1,5;
F;133959;28/03/2026;16:24:37;;;2,2;
F;133958;28/03/2026;16:16:54;;;2,2;
F;133957;28/03/2026;16:09:45;;;11,4;
F;133956;28/03/2026;16:09:05;;;31,6;
F;133955;28/03/2026;16:07:16;;;11;
F;133954;28/03/2026;16:06:30;;;17,6;
F;133953;28/03/2026;16:04:57;;;3,7;
F;133952;28/03/2026;16:04:14;;;24,7;
F;133951;28/03/2026;16:02:36;;;2,2;
F;133950;28/03/2026;16:02:23;;;13;
F;133949;28/03/2026;16:01:20;;;13;
F;133948;28/03/2026;16:00:31;;;9;
F;133947;28/03/2026;15:59:12;;;56,4;
F;133946;28/03/2026;15:33:08;;;2,2;
F;133945;28/03/2026;15:24:53;;;40,3;
F;133944;28/03/2026;15:19:16;;;3;
F;133943;28/03/2026;15:14:54;;;34,8;
F;133942;28/03/2026;15:03:47;;;4,4;
F;133941;28/03/2026;15:00:24;;;36,8;
F;133940;28/03/2026;15:00:09;;;51;
F;133939;28/03/2026;14:53:03;;;2,5;
F;133938;28/03/2026;14:47:31;;;1,5;
F;133937;28/03/2026;14:42:46;;;10,2;
F;133936;28/03/2026;14:39:32;;;2,2;
F;133935;28/03/2026;14:34:26;;;9,4;
F;133934;28/03/2026;14:29:01;;;34,2;
F;133933;28/03/2026;14:22:09;;;101,8;
F;133932;28/03/2026;13:56:19;;;3,8;
F;133931;28/03/2026;13:55:17;;;6,6;
F;133930;28/03/2026;13:54:47;;;31,5;
F;133929;28/03/2026;13:54:36;;;11,7;
F;133928;28/03/2026;13:53:05;;;24,2;
F;133927;28/03/2026;13:49:24;;;10,7;
F;133926;28/03/2026;13:44:22;;;19;
F;133925;28/03/2026;13:42:34;;;8;
F;133924;28/03/2026;13:38:27;;;3,7;
F;133923;28/03/2026;13:37:28;;;7,2;
F;133922;28/03/2026;13:27:44;;;23,7;
F;133921;28/03/2026;13:26:16;;;10,2;
F;133920;28/03/2026;13:25:46;;;2,2;
F;133919;28/03/2026;13:25:35;;;13,6;
F;133918;28/03/2026;13:12:21;;;10,4;
F;133917;28/03/2026;13:11:51;;;10;
F;133916;28/03/2026;13:07:52;;;19,1;
F;133915;28/03/2026;13:01:19;;;3,2;
F;133914;28/03/2026;12:48:34;;;13,5;
F;133913;28/03/2026;12:47:55;;;14,9;
F;133912;28/03/2026;12:45:40;;;12,2;
F;133911;28/03/2026;12:40:19;;;3,2;
F;133910;28/03/2026;12:38:36;;;4,8;
F;133909;28/03/2026;12:27:05;;;2,2;
F;133908;28/03/2026;12:23:50;;;4;
F;133907;28/03/2026;12:17:43;;;6;
F;133906;28/03/2026;12:09:28;;;12,2;
F;133905;28/03/2026;12:02:01;;;2,5;
F;133904;28/03/2026;11:44:57;;;17,9;
F;133903;28/03/2026;11:38:27;;;2,7;
F;133902;28/03/2026;11:37:18;;;8,5;
F;133901;28/03/2026;11:31:11;;;7,6;
F;133900;28/03/2026;11:25:40;;;9,7;
F;133899;28/03/2026;11:25:04;;;10;
F;133898;28/03/2026;11:18:29;;;41,1;
F;133897;28/03/2026;11:09:44;;;19,1;
F;133896;28/03/2026;11:08:38;;;7,2;
F;133895;28/03/2026;11:04:24;;;4,4;
F;133894;28/03/2026;11:03:48;;;3,2;
F;133893;28/03/2026;11:02:34;;;13,8;
F;133892;28/03/2026;11:01:56;;;13,4;
F;133891;28/03/2026;11:01:13;;;16,1;
F;133890;28/03/2026;10:58:37;;;5,7;
F;133889;28/03/2026;10:58:12;;;1,5;
F;133888;28/03/2026;10:49:08;;;1,2;
F;133887;28/03/2026;10:46:30;;;1,5;
F;133886;28/03/2026;10:43:36;;;5,1;
F;133885;28/03/2026;10:34:40;;;25,6;
F;133884;28/03/2026;10:31:26;;;24,1;
F;133883;28/03/2026;10:30:40;;;57,1;
F;133882;28/03/2026;10:26:49;;;3,2;
F;133881;28/03/2026;10:26:04;;;11,2;
F;133880;28/03/2026;10:24:16;;;2,5;
F;133879;28/03/2026;10:23:46;;;5,4;
F;133878;28/03/2026;10:22:49;;;9;
F;133877;28/03/2026;10:21:33;;;13,7;
F;133876;28/03/2026;10:10:56;;;28,2;
F;133875;28/03/2026;10:01:57;;;9,9;
F;133874;28/03/2026;10:01:26;;;3;
F;133873;28/03/2026;10:00:44;;;3,4;
F;133872;28/03/2026;9:59:49;;;12;
F;133871;28/03/2026;9:52:17;;;15,7;
F;133870;28/03/2026;9:51:19;;;5,3;
F;133869;28/03/2026;9:50:13;;;1,2;
F;133868;28/03/2026;9:41:06;;;22,4;
F;133867;28/03/2026;9:39:25;;;2,4;
F;133866;28/03/2026;9:38:57;;;26;
F;133865;28/03/2026;9:33:23;;;13,6;
F;133864;28/03/2026;9:32:07;;;1,5;
F;133863;28/03/2026;9:27:13;;;3,4;
F;133862;28/03/2026;9:17:40;;;15,1;
F;133861;28/03/2026;9:13:06;;;4,7;
F;133860;28/03/2026;9:12:24;;;16,1;
F;133859;28/03/2026;9:06:01;;;1,5;
F;133858;28/03/2026;9:03:24;;;4,7;
F;133857;28/03/2026;8:54:36;;;1,7;
F;133856;28/03/2026;8:46:53;;;4,6;
F;133855;28/03/2026;8:43:22;;;3,5;
F;133854;28/03/2026;8:42:08;;;3,1;
F;133853;28/03/2026;8:41:29;;;1,2;
F;133852;28/03/2026;8:36:51;;;7,7;
F;133851;28/03/2026;8:30:19;;;2,4;
F;133850;28/03/2026;8:30:04;;;2,3;
F;133849;28/03/2026;8:28:12;;;1,5;
F;133848;28/03/2026;8:26:44;;;3;
F;133847;28/03/2026;8:19:37;;;1,2;
F;133846;28/03/2026;8:17:21;;;1,5;
F;133845;28/03/2026;8:16:59;;;3,2;
F;133844;28/03/2026;7:58:24;;;1,5;
F;133843;28/03/2026;7:53:47;;;1,2;
F;133842;28/03/2026;7:38:23;;;3;
F;133841;28/03/2026;7:26:11;;;1,5;
F;133840;28/03/2026;7:22:21;;;1,5;
F;133839;27/03/2026;23:58:15;;;96,8;
F;133838;27/03/2026;23:57:44;;;7;
F;133837;27/03/2026;23:56:12;;;67,4;
F;133836;27/03/2026;23:28:09;;;26,7;
F;133835;27/03/2026;23:27:49;;;37,2;
F;133834;27/03/2026;23:27:21;;;2,5;
F;133833;27/03/2026;23:14:01;;;23,9;
F;133832;27/03/2026;23:12:48;;;40,6;
F;133831;27/03/2026;22:47:39;;;6;
F;133830;27/03/2026;22:31:33;;;74,1;
F;133829;27/03/2026;22:30:02;;;59,2;
F;133828;27/03/2026;22:20:03;;;62,9;
F;133827;27/03/2026;22:18:37;;;3,2;
F;133826;27/03/2026;21:58:48;;;18;
F;133825;27/03/2026;21:51:44;;;4,4;
F;133824;27/03/2026;21:49:26;;;7;
F;133823;27/03/2026;21:45:15;;;6,1;
F;133822;27/03/2026;21:30:22;;;20,6;
F;133821;27/03/2026;21:25:20;;;41,4;
F;133820;27/03/2026;21:12:57;;;26,1;
F;133819;27/03/2026;20:52:02;;;16,6;
F;133818;27/03/2026;20:48:57;;;4,4;
F;133817;27/03/2026;20:48:42;;;7,7;
F;133816;27/03/2026;20:33:56;;;2,2;
F;133815;27/03/2026;20:25:47;;;15,4;
F;133814;27/03/2026;20:24:00;;;12;
F;133813;27/03/2026;20:20:44;;;3,2;
F;133812;27/03/2026;20:16:33;;;29,1;
F;133811;27/03/2026;20:05:42;;;3,2;
F;133810;27/03/2026;20:04:34;;;2;
F;133809;27/03/2026;19:59:56;;;13,2;
F;133808;27/03/2026;19:58:17;;;1,6;
F;133807;27/03/2026;19:40:58;;;3,2;
F;133806;27/03/2026;19:38:11;;;3,9;
F;133805;27/03/2026;19:35:43;;;25,1;
F;133804;27/03/2026;19:34:45;;;4,4;
F;133803;27/03/2026;19:24:07;;;4,4;
F;133802;27/03/2026;19:23:08;;;3,2;
F;133801;27/03/2026;19:20:21;;;33;
F;133800;27/03/2026;19:09:01;;;4,4;
F;133799;27/03/2026;19:05:13;;;12,6;
F;133798;27/03/2026;19:00:35;;;1,2;
F;133797;27/03/2026;18:59:28;;;9,1;
F;133796;27/03/2026;18:45:55;;;4,4;
F;133795;27/03/2026;18:36:23;;;7,5;
F;133794;27/03/2026;18:29:24;;;8,4;
F;133793;27/03/2026;18:16:04;;;6;
F;133792;27/03/2026;18:00:16;;;1,5;
F;133791;27/03/2026;17:52:33;;;4,6;
F;133790;27/03/2026;17:34:00;;;1,6;
F;133789;27/03/2026;17:28:08;;;5;
F;133788;27/03/2026;17:22:41;;;2,9;
F;133787;27/03/2026;17:20:25;;;4,6;
F;133786;27/03/2026;17:07:22;;;4,4;
F;133785;27/03/2026;17:01:07;;;2,2;
F;133784;27/03/2026;17:00:02;;;2;
F;133783;27/03/2026;16:56:33;;;25,8;
F;133782;27/03/2026;16:43:17;;;2,2;
F;133781;27/03/2026;16:31:21;;;10,4;
F;133780;27/03/2026;16:24:42;;;1,6;
F;133779;27/03/2026;16:12:39;;;1,2;
F;133778;27/03/2026;16:10:27;;;7,6;
F;133777;27/03/2026;16:02:24;;;48;
F;133776;27/03/2026;15:52:36;;;19;
F;133775;27/03/2026;15:44:59;;;5,7;
F;133774;27/03/2026;15:44:18;;;20,6;
F;133773;27/03/2026;15:36:07;;;8;
F;133772;27/03/2026;15:08:24;;;5,5;
F;133771;27/03/2026;15:07:47;;;1,4;
F;133770;27/03/2026;14:56:02;;;4,2;
F;133769;27/03/2026;14:51:04;;;1,5;
F;133768;27/03/2026;14:46:19;;;5,2;
F;133767;27/03/2026;14:45:47;;;5,6;
F;133766;27/03/2026;14:36:54;;;10,5;
F;133765;27/03/2026;14:35:53;;;11,2;
F;133764;27/03/2026;14:22:32;;;9,9;
F;133763;27/03/2026;13:57:48;;;2,2;
F;133762;27/03/2026;13:54:38;;;29,1;
F;133761;27/03/2026;13:51:55;;;26;
F;133760;27/03/2026;13:48:21;;;1,5;
F;133759;27/03/2026;13:35:32;;;20,2;
F;133758;27/03/2026;13:34:48;;;2,2;
F;133757;27/03/2026;13:20:24;;;2,2;
F;133756;27/03/2026;13:18:35;;;10,2;
F;133755;27/03/2026;13:04:26;;;5;
F;133754;27/03/2026;13:03:46;;;2,2;
F;133753;27/03/2026;12:53:28;;;1,5;
F;133752;27/03/2026;12:53:17;;;1,5;
F;133751;27/03/2026;12:35:26;;;4,9;
F;133750;27/03/2026;12:35:03;;;10,4;
F;133749;27/03/2026;12:30:33;;;5;
F;133748;27/03/2026;12:16:44;;;4,5;
F;133747;27/03/2026;12:16:27;;;4,8;
F;133746;27/03/2026;12:14:10;;;65,1;
F;133745;27/03/2026;12:09:06;;;1,6;
F;133744;27/03/2026;11:55:30;;;2,2;
F;133743;27/03/2026;11:48:58;;;2,5;
F;133742;27/03/2026;11:46:38;;;24,4;
F;133741;27/03/2026;11:37:33;;;25,6;
F;133740;27/03/2026;11:19:14;;;4;
F;133739;27/03/2026;11:15:02;;;1,5;
F;133738;27/03/2026;11:03:41;;;16,9;
F;133737;27/03/2026;10:57:06;;;6,2;
F;133736;27/03/2026;10:51:13;;;2,4;
F;133735;27/03/2026;10:48:58;;;12,2;
F;133734;27/03/2026;10:47:43;;;1,2;
F;133733;27/03/2026;10:40:57;;;12,8;
F;133732;27/03/2026;10:40:34;;;1,5;
F;133731;27/03/2026;10:40:19;;;6,4;
F;133730;27/03/2026;10:39:01;;;1,8;
F;133729;27/03/2026;10:38:38;;;1,7;
F;133728;27/03/2026;10:19:13;;;1,2;
F;133727;27/03/2026;10:05:42;;;13,6;
F;133726;27/03/2026;10:04:17;;;13,9;
F;133725;27/03/2026;9:56:35;;;14,7;
F;133724;27/03/2026;9:51:15;;;4;
F;133723;27/03/2026;9:50:45;;;5,7;
F;133722;27/03/2026;9:49:16;;;2,2;
F;133721;27/03/2026;9:48:10;;;16,7;
F;133720;27/03/2026;9:47:15;;;25,1;
F;133719;27/03/2026;9:46:38;;;2,2;
F;133718;27/03/2026;9:43:37;;;6,4;
F;133717;27/03/2026;9:43:02;;;5,7;
F;133716;27/03/2026;9:41:55;;;10,5;
F;133715;27/03/2026;9:41:18;;;2,4;
F;133714;27/03/2026;9:40:11;;;6,7;
F;133713;27/03/2026;9:29:40;;;1,5;
F;133712;27/03/2026;9:28:51;;;11,9;
F;133711;27/03/2026;9:27:28;;;1,5;
F;133710;27/03/2026;9:27:04;;;7,7;
F;133709;27/03/2026;9:21:20;;;3,9;
F;133708;27/03/2026;9:09:23;;;18,6;
F;133707;27/03/2026;9:03:00;;;4,7;
F;133706;27/03/2026;9:01:17;;;9,6;
F;133705;27/03/2026;8:56:23;;;1,5;
F;133704;27/03/2026;8:54:17;;;1,5;
F;133703;27/03/2026;8:52:58;;;3,2;
F;133702;27/03/2026;8:52:37;;;3,7;
F;133701;27/03/2026;8:52:05;;;1,5;
F;133700;27/03/2026;8:51:05;;;7,2;
F;133699;27/03/2026;8:49:40;;;9;
F;133698;27/03/2026;8:48:19;;;4,7;
F;133697;27/03/2026;8:45:35;;;1,5;
F;133696;27/03/2026;8:43:33;;;1,8;
F;133695;27/03/2026;8:39:59;;;1,5;
F;133694;27/03/2026;8:34:58;;;3,5;
F;133693;27/03/2026;8:31:52;;;1,2;
F;133692;27/03/2026;8:31:39;;;1,7;
F;133691;27/03/2026;8:24:48;;;5,7;
F;133690;27/03/2026;8:23:23;;;3,2;
F;133689;27/03/2026;8:18:07;;;1,7;
F;133688;27/03/2026;8:17:51;;;3,3;
F;133687;27/03/2026;8:09:00;;;1,6;
F;133686;27/03/2026;8:01:47;;;1,2;
F;133685;27/03/2026;7:58:33;;;3,4;
F;133684;27/03/2026;7:57:22;;;1,7;
F;133683;27/03/2026;7:55:32;;;1,2;
F;133682;27/03/2026;7:51:20;;;3;
F;133681;27/03/2026;7:50:48;;;1,5;
F;133680;27/03/2026;7:37:02;;;5;
F;133679;27/03/2026;7:32:46;;;4;
F;133678;27/03/2026;7:29:57;;;2,7;
F;133677;27/03/2026;7:22:03;;;3,8;
F;133676;27/03/2026;7:21:36;;;1,7;
F;133675;27/03/2026;7:00:24;;;5,3;
F;133674;27/03/2026;6:51:45;;;1,5;
F;133673;26/03/2026;15:54:34;;;3,2;
F;133672;26/03/2026;15:28:56;;;1,2;
F;133671;26/03/2026;15:28:44;;;1,2;
F;133670;26/03/2026;14:50:23;;;20,1;
F;133669;26/03/2026;14:45:17;;;11,2;
F;133668;26/03/2026;14:38:12;;;1,5;
F;133667;26/03/2026;14:23:44;;;1,5;
F;133666;26/03/2026;14:23:34;;;2,5;
F;133665;26/03/2026;14:16:39;;;17,1;
F;133664;26/03/2026;14:12:08;;;28,6;
F;133663;26/03/2026;13:49:42;;;10,7;
F;133662;26/03/2026;13:48:23;;;2,5;
F;133661;26/03/2026;13:44:14;;;2,6;
F;133660;26/03/2026;13:42:04;;;1,5;
F;133659;26/03/2026;13:36:19;;;16,2;
F;133658;26/03/2026;13:32:20;;;20;
F;133657;26/03/2026;13:24:38;;;11,7;
F;133656;26/03/2026;13:21:56;;;4,7;
F;133655;26/03/2026;13:18:17;;;6,7;
F;133654;26/03/2026;13:17:55;;;2,2;
F;133653;26/03/2026;13:01:57;;;1,5;
F;133652;26/03/2026;13:00:15;;;6;
F;133651;26/03/2026;12:49:52;;;6,6;
F;133650;26/03/2026;12:49:21;;;2,2;
F;133649;26/03/2026;12:41:09;;;2,5;
F;133648;26/03/2026;12:34:58;;;2,2;
F;133647;26/03/2026;12:31:48;;;9,7;
F;133646;26/03/2026;12:30:44;;;1,7;
F;133645;26/03/2026;12:29:50;;;3,7;
F;133644;26/03/2026;12:17:39;;;2,2;
F;133643;26/03/2026;12:04:06;;;2,2;
F;133642;26/03/2026;12:03:46;;;4,4;
F;133641;26/03/2026;12:00:00;;;16;
F;133640;26/03/2026;11:53:49;;;3;
F;133639;26/03/2026;11:53:34;;;6,2;
F;133638;26/03/2026;11:52:28;;;13,2;
F;133637;26/03/2026;11:50:50;;;3,8;
F;133636;26/03/2026;11:42:53;;;8;
F;133635;26/03/2026;11:42:05;;;1,6;
F;133634;26/03/2026;11:32:19;;;1,5;
F;133633;26/03/2026;11:26:31;;;26,4;
F;133632;26/03/2026;11:22:02;;;3,2;
F;133631;26/03/2026;11:12:52;;;4,6;
F;133630;26/03/2026;11:12:16;;;1,5;
F;133629;26/03/2026;11:12:04;;;5,5;
F;133628;26/03/2026;11:10:04;;;2,5;
F;133627;26/03/2026;11:05:25;;;48,1;
F;133626;26/03/2026;11:04:07;;;1,5;
F;133625;26/03/2026;10:43:57;;;18,2;
F;133624;26/03/2026;10:40:14;;;1,2;
F;133623;26/03/2026;10:39:57;;;14,1;
F;133622;26/03/2026;10:37:51;;;1,2;
F;133621;26/03/2026;10:37:40;;;14,9;
F;133620;26/03/2026;10:21:48;;;4;
F;133619;26/03/2026;10:15:41;;;14,1;
F;133618;26/03/2026;10:14:00;;;5,2;
F;133617;26/03/2026;10:11:57;;;30,6;
F;133616;26/03/2026;10:11:10;;;1,5;
F;133615;26/03/2026;10:10:58;;;9,8;
F;133614;26/03/2026;10:08:43;;;13,4;
F;133613;26/03/2026;10:02:32;;;1,7;
F;133612;26/03/2026;9:59:44;;;1,9;
F;133611;26/03/2026;9:59:06;;;5;
F;133610;26/03/2026;9:57:02;;;1,5;
F;133609;26/03/2026;9:55:59;;;3;
F;133608;26/03/2026;9:54:25;;;5,5;
F;133607;26/03/2026;9:52:14;;;5,3;
F;133606;26/03/2026;9:51:23;;;5,7;
F;133605;26/03/2026;9:40:51;;;11,7;
F;133604;26/03/2026;9:16:48;;;1,5;
F;133603;26/03/2026;9:14:16;;;10;
F;133602;26/03/2026;9:13:58;;;9,4;
F;133601;26/03/2026;9:13:11;;;14,7;
F;133600;26/03/2026;9:07:25;;;5,9;
F;133599;26/03/2026;9:06:01;;;3,5;
F;133598;26/03/2026;9:02:06;;;3,2;
F;133597;26/03/2026;8:54:39;;;1,2;
F;133596;26/03/2026;8:37:29;;;1,5;
F;133595;26/03/2026;8:28:41;;;6,5;
F;133594;26/03/2026;8:22:01;;;1,2;
F;133593;26/03/2026;8:21:51;;;2,9;
F;133592;26/03/2026;8:14:05;;;3;
F;133591;26/03/2026;8:13:45;;;8;
F;133590;26/03/2026;8:08:46;;;1,2;
F;133589;26/03/2026;8:01:56;;;3;
F;133588;26/03/2026;7:58:29;;;1,7;
F;133587;26/03/2026;7:56:12;;;1,5;
F;133586;26/03/2026;7:55:52;;;1,5;
F;133585;26/03/2026;7:53:28;;;3;
F;133584;26/03/2026;7:53:11;;;1,5;
F;133583;26/03/2026;7:49:53;;;1,5;
F;133582;26/03/2026;7:43:36;;;4,5;
F;133581;26/03/2026;7:32:15;;;3;
F;133580;26/03/2026;7:28:36;;;5,9;
F;133579;26/03/2026;7:21:51;;;1,5;
F;133578;26/03/2026;7:21:34;;;1,2;
F;133577;26/03/2026;7:13:11;;;1,5;
F;133576;26/03/2026;7:04:18;;;1,5;
F;133575;26/03/2026;6:50:26;;;3,8;
F;133574;25/03/2026;15:59:37;;;3,9;
F;133573;25/03/2026;15:58:55;;;3;
F;133572;25/03/2026;14:57:05;;;19,6;
F;133571;25/03/2026;14:48:34;;;4,5;
F;133570;25/03/2026;14:47:59;;;42,9;
F;133569;25/03/2026;14:46:58;;;3;
F;133568;25/03/2026;14:46:18;;;4,7;
F;133567;25/03/2026;14:45:28;;;21,1;
F;133566;25/03/2026;14:28:34;;;2,2;
F;133565;25/03/2026;14:21:19;;;1,5;
F;133564;25/03/2026;14:20:55;;;1,5;
F;133563;25/03/2026;14:17:14;;;2,2;
F;133562;25/03/2026;14:12:36;;;14,3;
F;133561;25/03/2026;13:44:49;;;2,6;
F;133560;25/03/2026;13:43:55;;;25,2;
F;133559;25/03/2026;13:36:13;;;6,6;
F;133558;25/03/2026;13:31:07;;;19,8;
F;133557;25/03/2026;13:22:12;;;3,4;
F;133556;25/03/2026;13:21:20;;;10,5;
F;133555;25/03/2026;13:18:43;;;30,7;
F;133554;25/03/2026;13:07:38;;;5,1;
F;133553;25/03/2026;12:54:29;;;2,2;
F;133552;25/03/2026;12:50:55;;;2,5;
F;133551;25/03/2026;12:49:23;;;3,2;
F;133550;25/03/2026;12:42:46;;;2,2;
F;133549;25/03/2026;12:33:30;;;7,7;
F;133548;25/03/2026;12:29:01;;;7,2;
F;133547;25/03/2026;12:13:17;;;3,9;
F;133546;25/03/2026;12:06:39;;;3,4;
F;133545;25/03/2026;12:05:08;;;10,5;
F;133544;25/03/2026;11:51:54;;;7,9;
F;133543;25/03/2026;11:40:54;;;1,2;
F;133542;25/03/2026;11:37:25;;;4,4;
F;133541;25/03/2026;11:29:58;;;3,4;
F;133540;25/03/2026;11:27:18;;;1,2;
F;133539;25/03/2026;11:22:16;;;11,5;
F;133538;25/03/2026;11:12:41;;;1,7;
F;133537;25/03/2026;11:02:42;;;1,6;
F;133536;25/03/2026;10:58:21;;;7;
F;133535;25/03/2026;10:57:48;;;10,7;
F;133534;25/03/2026;10:55:13;;;1,7;
F;133533;25/03/2026;10:54:20;;;1,6;
F;133532;25/03/2026;10:52:05;;;12,7;
F;133531;25/03/2026;10:51:50;;;12,7;
F;133530;25/03/2026;10:51:14;;;12,7;
F;133529;25/03/2026;10:47:54;;;2,6;
F;133528;25/03/2026;10:47:25;;;6,6;
F;133527;25/03/2026;10:46:03;;;2,2;
F;133526;25/03/2026;10:42:37;;;15;
F;133525;25/03/2026;10:39:38;;;6,9;
F;133524;25/03/2026;10:30:03;;;5,3;
F;133523;25/03/2026;10:28:53;;;1,7;
F;133522;25/03/2026;10:28:24;;;1,2;
F;133521;25/03/2026;10:24:28;;;9,7;
F;133520;25/03/2026;10:19:11;;;1,7;
F;133519;25/03/2026;10:19:00;;;4,6;
F;133518;25/03/2026;10:17:14;;;2,9;
F;133517;25/03/2026;10:16:15;;;33,5;
F;133516;25/03/2026;10:13:59;;;13,1;
F;133515;25/03/2026;10:09:08;;;12,2;
F;133514;25/03/2026;10:08:38;;;9,4;
F;133513;25/03/2026;10:04:24;;;2,2;
F;133512;25/03/2026;9:59:32;;;6,4;
F;133511;25/03/2026;9:58:47;;;1,2;
F;133510;25/03/2026;9:55:26;;;19,9;
F;133509;25/03/2026;9:52:45;;;9,4;
F;133508;25/03/2026;9:48:15;;;3,4;
F;133507;25/03/2026;9:46:49;;;6,7;
F;133506;25/03/2026;9:45:13;;;8,2;
F;133505;25/03/2026;9:41:44;;;3,2;
F;133504;25/03/2026;9:35:51;;;5,3;
F;133503;25/03/2026;9:33:13;;;4,7;
F;133502;25/03/2026;9:31:53;;;2,9;
F;133501;25/03/2026;9:29:16;;;7;
F;133500;25/03/2026;9:26:44;;;4,2;
F;133499;25/03/2026;9:23:06;;;2,7;
F;133498;25/03/2026;9:22:35;;;9,5;
F;133497;25/03/2026;9:19:30;;;4,7;
F;133496;25/03/2026;9:15:35;;;2,2;
F;133495;25/03/2026;9:15:13;;;4,5;
F;133494;25/03/2026;9:13:47;;;4,7;
F;133493;25/03/2026;9:10:25;;;1,7;
F;133492;25/03/2026;9:09:39;;;3,7;
F;133491;25/03/2026;9:07:28;;;2,4;
F;133490;25/03/2026;9:05:57;;;3;
F;133489;25/03/2026;9:04:29;;;1,8;
F;133488;25/03/2026;9:03:56;;;3,2;
F;133487;25/03/2026;9:01:14;;;14,3;
F;133486;25/03/2026;8:59:30;;;5,7;
F;133485;25/03/2026;8:59:16;;;3,2;
F;133484;25/03/2026;8:58:16;;;7;
F;133483;25/03/2026;8:56:50;;;3,2;
F;133482;25/03/2026;8:55:14;;;1,5;
F;133481;25/03/2026;8:51:46;;;1,5;
F;133480;25/03/2026;8:40:12;;;4,5;
F;133479;25/03/2026;8:39:45;;;1,2;
F;133478;25/03/2026;8:30:00;;;6;
F;133477;25/03/2026;8:29:20;;;1,5;
F;133476;25/03/2026;8:26:56;;;5,7;
F;133475;25/03/2026;8:17:23;;;1,2;
F;133474;25/03/2026;8:15:35;;;1,5;
F;133473;25/03/2026;8:12:12;;;1,5;
F;133472;25/03/2026;8:10:41;;;1,5;
F;133471;25/03/2026;8:09:55;;;1,2;
F;133470;25/03/2026;8:08:42;;;3,2;
F;133469;25/03/2026;8:05:08;;;1,5;
F;133468;25/03/2026;8:03:14;;;1,7;
F;133467;25/03/2026;8:02:55;;;1,6;
F;133466;25/03/2026;7:58:39;;;1,5;
F;133465;25/03/2026;7:50:38;;;1,2;
F;133464;25/03/2026;7:47:07;;;1,2;
F;133463;25/03/2026;7:46:25;;;1,2;
F;133462;25/03/2026;7:45:40;;;1,7;
F;133461;25/03/2026;7:43:36;;;3;
F;133460;25/03/2026;7:34:39;;;4,2;
F;133459;25/03/2026;7:27:55;;;2,9;
F;133458;25/03/2026;7:00:32;;;2,8;
F;133457;25/03/2026;6:52:23;;;4;
F;133456;25/03/2026;6:49:22;;;1,5;
F;133455;25/03/2026;6:45:21;;;2,2;
F;133454;25/03/2026;6:44:53;;;1,7;
F;133453;25/03/2026;6:34:45;;;1,5;
F;133452;24/03/2026;15:54:49;;;2,2;
F;133451;24/03/2026;15:16:46;;;1,2;
F;133450;24/03/2026;15:05:58;;;1,2;
F;133449;24/03/2026;15:05:05;;;3;
F;133448;24/03/2026;14:58:56;;;8,1;
F;133447;24/03/2026;14:42:39;;;16;
F;133446;24/03/2026;14:41:54;;;2,2;
F;133445;24/03/2026;14:34:14;;;27,6;
F;133444;24/03/2026;14:17:15;;;6,6;
F;133443;24/03/2026;14:02:30;;;25,3;
F;133442;24/03/2026;14:01:45;;;11,6;
F;133441;24/03/2026;13:44:10;;;1,5;
F;133440;24/03/2026;13:42:25;;;2,6;
F;133439;24/03/2026;13:29:10;;;6,6;
F;133438;24/03/2026;13:28:32;;;11,6;
F;133437;24/03/2026;13:26:45;;;5,6;
F;133436;24/03/2026;13:04:59;;;5,4;
F;133435;24/03/2026;13:02:23;;;3,8;
F;133434;24/03/2026;12:59:55;;;4,7;
F;133433;24/03/2026;12:49:09;;;1,5;
F;133432;24/03/2026;12:48:57;;;4,8;
F;133431;24/03/2026;12:45:23;;;1,5;
F;133430;24/03/2026;12:45:05;;;1,5;
F;133429;24/03/2026;12:15:09;;;5,6;
F;133428;24/03/2026;12:12:20;;;6;
F;133427;24/03/2026;11:58:39;;;7,7;
F;133426;24/03/2026;11:47:54;;;1,2;
F;133425;24/03/2026;11:47:41;;;1,5;
F;133424;24/03/2026;11:46:12;;;17,9;
F;133423;24/03/2026;11:40:57;;;4,5;
F;133422;24/03/2026;11:36:06;;;6,6;
F;133421;24/03/2026;11:34:13;;;1,6;
F;133420;24/03/2026;11:32:43;;;4,9;
F;133419;24/03/2026;11:28:53;;;2,5;
F;133418;24/03/2026;11:27:58;;;5,3;
F;133417;24/03/2026;11:24:00;;;11,5;
F;133416;24/03/2026;11:12:43;;;3,3;
F;133415;24/03/2026;11:09:57;;;4,5;
F;133414;24/03/2026;11:08:42;;;6,2;
F;133413;24/03/2026;10:48:23;;;10,7;
F;133412;24/03/2026;10:37:40;;;5,7;
F;133411;24/03/2026;10:34:57;;;4,7;
F;133410;24/03/2026;10:34:12;;;6,2;
F;133409;24/03/2026;10:33:25;;;25,9;
F;133408;24/03/2026;10:32:05;;;5,3;
F;133407;24/03/2026;10:31:22;;;10;
F;133406;24/03/2026;10:30:24;;;8,7;
F;133405;24/03/2026;10:16:51;;;7,2;
F;133404;24/03/2026;10:14:54;;;1,5;
F;133403;24/03/2026;10:12:55;;;16,4;
F;133402;24/03/2026;10:08:38;;;21,1;
F;133401;24/03/2026;10:03:30;;;8,9;
F;133400;24/03/2026;9:56:38;;;10;
F;133399;24/03/2026;9:55:23;;;6,2;
F;133398;24/03/2026;9:52:58;;;3;
F;133397;24/03/2026;9:47:18;;;17;
F;133396;24/03/2026;9:46:06;;;11,4;
F;133395;24/03/2026;9:38:27;;;2,2;
F;133394;24/03/2026;9:08:53;;;2,2;
F;133393;24/03/2026;9:08:21;;;2,2;
F;133392;24/03/2026;9:07:41;;;9,2;
F;133391;24/03/2026;9:06:25;;;2,4;
F;133390;24/03/2026;9:05:54;;;4,7;
F;133389;24/03/2026;9:05:10;;;4,7;
F;133388;24/03/2026;8:57:24;;;3,9;
F;133387;24/03/2026;8:55:37;;;1,2;
F;133386;24/03/2026;8:30:49;;;1,7;
F;133385;24/03/2026;8:15:55;;;1,5;
F;133384;24/03/2026;8:15:39;;;1,7;
F;133383;24/03/2026;8:02:03;;;2,7;
F;133382;24/03/2026;7:59:45;;;1,6;
F;133381;24/03/2026;7:58:48;;;3;
F;133380;24/03/2026;7:55:11;;;3;
F;133379;24/03/2026;7:39:17;;;1,5;
F;133378;24/03/2026;7:39:09;;;6;
F;133377;24/03/2026;7:31:22;;;1,5;
F;133376;24/03/2026;7:28:28;;;1,5;
F;133375;24/03/2026;7:28:19;;;2,9;
F;133374;24/03/2026;6:59:28;;;1,7;
F;133373;24/03/2026;6:56:52;;;1,5;
F;133372;24/03/2026;6:56:33;;;1,7;
F;133371;23/03/2026;18:07:17;;;6,6;
F;133370;23/03/2026;16:18:48;;;23,7;
F;133369;23/03/2026;15:51:31;;;1,7;
F;133368;23/03/2026;15:39:56;;;23,4;
F;133367;23/03/2026;15:39:26;;;4,4;
F;133366;23/03/2026;15:26:16;;;2,2;
F;133365;23/03/2026;15:14:42;;;1,5;
F;133364;23/03/2026;15:07:28;;;2,2;
F;133363;23/03/2026;14:53:49;;;1,2;
F;133362;23/03/2026;14:45:09;;;4,4;
F;133361;23/03/2026;14:39:54;;;2,99;
F;133360;23/03/2026;14:32:16;;;5,6;
F;133359;23/03/2026;14:27:59;;;2,5;
F;133358;23/03/2026;14:14:05;;;1,2;
F;133357;23/03/2026;14:07:48;;;5;
F;133356;23/03/2026;14:07:31;;;6,6;
F;133355;23/03/2026;14:06:36;;;4,1;
F;133354;23/03/2026;14:05:38;;;5,6;
F;133353;23/03/2026;14:04:36;;;8,1;
F;133352;23/03/2026;13:51:47;;;1,2;
F;133351;23/03/2026;13:50:35;;;1,5;
F;133350;23/03/2026;13:39:31;;;9,6;
F;133349;23/03/2026;13:36:32;;;5,91;
F;133348;23/03/2026;13:30:00;;;7,2;
F;133347;23/03/2026;13:15:17;;;12,2;
F;133346;23/03/2026;13:12:33;;;4,5;
F;133345;23/03/2026;13:01:58;;;1,6;
F;133344;23/03/2026;13:01:15;;;2,4;
F;133343;23/03/2026;12:48:00;;;4,8;
F;133342;23/03/2026;12:37:51;;;6,01;
F;133341;23/03/2026;12:34:12;;;1,5;
F;133340;23/03/2026;12:30:32;;;4,8;
F;133339;23/03/2026;12:19:36;;;13;
F;133338;23/03/2026;12:19:23;;;13;
F;133337;23/03/2026;12:05:57;;;7,71;
F;133336;23/03/2026;11:34:47;;;2,2;
F;133335;23/03/2026;11:29:52;;;2,2;
F;133334;23/03/2026;11:29:40;;;5,5;
F;133333;23/03/2026;11:28:30;;;3,41;
F;133332;23/03/2026;11:21:22;;;1,6;
F;133331;23/03/2026;11:18:40;;;6,7;
F;133330;23/03/2026;11:17:36;;;8,51;
F;133329;23/03/2026;11:13:36;;;20,6;
F;133328;23/03/2026;11:12:02;;;6,01;
F;133327;23/03/2026;11:04:52;;;10,89;
F;133326;23/03/2026;11:04:19;;;13,2;
F;133325;23/03/2026;11:02:02;;;1,2;
F;133324;23/03/2026;10:59:24;;;1,6;
F;133323;23/03/2026;10:57:09;;;1,7;
F;133322;23/03/2026;10:56:17;;;6,7;
F;133321;23/03/2026;10:52:37;;;3,5;
F;133320;23/03/2026;10:48:59;;;1,5;
F;133319;23/03/2026;10:48:47;;;2,4;
F;133318;23/03/2026;10:47:05;;;3,3;
F;133317;23/03/2026;10:46:18;;;9,9;
F;133316;23/03/2026;10:34:06;;;6,5;
F;133315;23/03/2026;10:33:22;;;5,9;
F;133314;23/03/2026;10:25:17;;;27,2;
F;133313;23/03/2026;10:21:06;;;8,2;
F;133312;23/03/2026;10:02:15;;;2,7;
F;133311;23/03/2026;10:01:25;;;8,39;
F;133310;23/03/2026;9:48:25;;;16,4;
F;133309;23/03/2026;9:42:08;;;3;
F;133308;23/03/2026;9:32:28;;;3,9;
F;133307;23/03/2026;9:31:38;;;3,41;
F;133306;23/03/2026;9:27:14;;;8,2;
F;133305;23/03/2026;9:26:11;;;11;
F;133304;23/03/2026;9:16:23;;;2,3;
F;133303;23/03/2026;9:15:35;;;3;
F;133302;23/03/2026;8:44:33;;;1,5;
F;133301;23/03/2026;8:37:47;;;1,5;
F;133300;23/03/2026;8:37:36;;;1,5;
F;133299;23/03/2026;8:26:35;;;1,2;
F;133298;23/03/2026;8:16:34;;;3;
F;133297;23/03/2026;8:12:00;;;1,7;
F;133296;23/03/2026;8:03:06;;;1,5;
F;133295;23/03/2026;7:36:29;;;1,2;
F;133294;23/03/2026;7:35:46;;;1,2;
F;133293;23/03/2026;7:04:39;;;1,5;
F;133292;23/03/2026;7:03:43;;;1,4;
